2017,2018,,Security,Symbol,SEC filings,GICS Sector,GICS Sub Industry,Headquarters Location,Date first added,CIK,Founded,,
,,0,3M Company,MMM,reports,Industrials,Industrial Conglomerates,"St. Paul, Minnesota",,66740,1902,,
,,1,Abbott Laboratories,ABT,reports,Health Care,Health Care Equipment,"North Chicago, Illinois",3/31/64,1800,1888,,
,,2,AbbVie Inc.,ABBV,reports,Health Care,Pharmaceuticals,"North Chicago, Illinois",12/31/12,1551152,2013 (1888),,
,ABMD,3,Wyndam Worldwide ,WYN,reports,,,,,1361658,,,
,,4,Accenture plc,ACN,reports,Information Technology,IT Consulting & Other Services,"Dublin, Ireland",7/6/11,1467373,1989,,
,,5,Activision Blizzard,ATVI,reports,Communication Services,Interactive Home Entertainment,"Santa Monica, California",8/31/15,718877,2008,,
,,6,Adobe Systems Inc,ADBE,reports,Information Technology,Application Software,"San Jose, California",5/5/97,796343,1982,,
AMD,,7,Urban Outfilers,URBN,,,,,,912615,,,
,,8,Advance Auto Parts,AAP,reports,Consumer Discretionary,Automotive Retail,"Roanoke, Virginia",7/9/15,1158449,1932,,
,,9,AES Corp,AES,reports,Utilities,Independent Power Producers & Energy Traders,"Arlington, Virginia",10/2/98,874761,1981,,
,,10,Affiliated Managers Group Inc,AMG,reports,Financials,Asset Management & Custody Banks,"Beverly, Massachusetts",7/1/14,1004434,1993,,
,,11,AFLAC Inc,AFL,reports,Financials,Life & Health Insurance,"Columbus, Georgia",5/28/99,4977,1955,,
,,12,Agilent Technologies Inc,A,reports,Health Care,Health Care Equipment,"Santa Clara, California",6/5/00,1090872,1999,,
,,13,Air Products & Chemicals Inc,APD,reports,Materials,Industrial Gases,"Allentown, Pennsylvania",4/30/85,2969,1940,,
,,14,Akamai Technologies Inc,AKAM,reports,Information Technology,Internet Services & Infrastructure,"Cambridge, Massachusetts",7/12/07,1086222,1998,,
,,15,Alaska Air Group Inc,ALK,reports,Industrials,Airlines,"Seattle, Washington",5/13/16,766421,1985,,
,,16,Albemarle Corp,ALB,reports,Materials,Specialty Chemicals,"Baton Rouge, Louisiana",7/1/16,915913,1994,,
ARE,,17,First Solar,FSLR,reports,,,,,1274494,,,
,,18,Alexion Pharmaceuticals,ALXN,reports,Health Care,Biotechnology,"Cheshire, Connecticut",5/25/12,899866,1992,,
ALGN,,19,Terdata Corp.,TDC,reports,,,,,816761,,,
,,20,Allegion,ALLE,reports,Industrials,Building Products,"Dublin, Ireland",12/2/13,1579241,1908,,
,,21,"Allergan, Plc",AGN,reports,Health Care,Pharmaceuticals,"Dublin, Ireland",4/12/99,1578845,1983,,
,,22,Alliance Data Systems,ADS,reports,Information Technology,Data Processing & Outsourced Services,"Plano, Texas",12/23/13,1101215,1996,,
,,23,Alliant Energy Corp,LNT,reports,Utilities,Electric Utilities,"Madison, Wisconsin",7/1/16,352541,1917,,
,,24,Allstate Corp,ALL,reports,Financials,Property & Casualty Insurance,"Northfield Township, Illinois",7/13/95,899051,1931,,
,,25,Alphabet Inc Class A,GOOGL,reports,Communication Services,Interactive Media & Services,"Mountain View, California",4/3/14,1652044,1998,,
,,26,Alphabet Inc Class C,GOOG,reports,Communication Services,Interactive Media & Services,"Mountain View, California",4/3/06,1652044,1998,,
,,27,Altria Group Inc,MO,reports,Consumer Staples,Tobacco,"Richmond, Virginia",,764180,1985,,
,,28,Amazon.com Inc.,AMZN,reports,Consumer Discretionary,Internet & Direct Marketing Retail,"Seattle, Washington",11/18/05,1018724,1994,,
,,29,Ameren Corp,AEE,reports,Utilities,Multi-Utilities,"St. Louis, Missouri",9/19/91,1002910,1902,,
,,30,American Airlines Group,AAL,reports,Industrials,Airlines,"Fort Worth, Texas",3/23/15,6201,1934,,
,,31,American Electric Power,AEP,reports,Utilities,Electric Utilities,"Columbus, Ohio",,4904,1906,,
,,32,American Express Co,AXP,reports,Financials,Consumer Finance,"New York, New York",6/30/76,4962,1850,,
,,33,American International Group,AIG,reports,Financials,Property & Casualty Insurance,"New York, New York",3/31/80,5272,1919,,
,,34,American Tower Corp.,AMT,reports,Real Estate,Specialized REITs,"Boston, Massachusetts",11/19/07,1053507,1995,,
,,35,American Water Works Company Inc,AWK,reports,Utilities,Water Utilities,"Voorhees, New Jersey",3/4/16,1410636,1886,,
,,36,Ameriprise Financial,AMP,reports,Financials,Asset Management & Custody Banks,"Minneapolis, Minnesota",10/3/05,820027,1894,,
,,37,AmerisourceBergen Corp,ABC,reports,Health Care,Health Care Distributors,"Chesterbrook, Pennsylvania",8/30/01,1140859,1985,,
,,38,AMETEK Inc.,AME,reports,Industrials,Electrical Components & Equipment,"Berwyn, Pennsylvania",9/23/13,1037868,1930,,
,,39,Amgen Inc.,AMGN,reports,Health Care,Biotechnology,"Thousand Oaks, California",1/2/92,318154,1980,,
,,40,Amphenol Corp,APH,reports,Information Technology,Electronic Components,"Wallingford, Connecticut",9/30/08,820313,1932,,
,,41,Anadarko Petroleum Corp,APC,reports,Energy,Oil & Gas Exploration & Production,"The Woodlands, Texas",7/28/97,773910,1959,,
,,42,"Analog Devices, Inc.",ADI,reports,Information Technology,Semiconductors,"Norwood, Massachusetts",10/12/99,6281,1965,,
ANSS,,43,Ryder Systems Inc.,R,reports,,,,,1104485,,,
,,44,Anthem Inc.,ANTM,reports,Health Care,Managed Health Care,"Indianapolis, Indiana",7/25/02,1156039,2014 (1940s),,
,,45,Aon plc,AON,reports,Financials,Insurance Brokers,"London, United Kingdom",4/23/96,315293,1982 (1919),,
aos,,46,Ben Bath and Beyond,BBBY,,,,,,886158,,,
,,47,Apache Corporation,APA,reports,Energy,Oil & Gas Exploration & Production,"Houston, Texas",7/28/97,6769,1954,,
,,48,Apartment Investment & Management,AIV,reports,Real Estate,Residential REITs,"Denver, Colorado",3/14/03,922864,1994 (1975),,
,,49,Apple Inc.,AAPL,reports,Information Technology,"Technology Hardware, Storage & Peripherals","Cupertino, California",11/30/82,320193,1977,,
,,50,Applied Materials Inc.,AMAT,reports,Information Technology,Semiconductor Equipment,"Santa Clara, California",3/16/95,6951,1967,,
,,51,Aptiv Plc,APTV,reports,Consumer Discretionary,Auto Parts & Equipment,"Gillingham, Kent, United Kingdom",12/24/12,1521332,1994,,
,,52,Archer-Daniels-Midland Co,ADM,reports,Consumer Staples,Agricultural Products,"Decatur, Illinois",7/29/81,7084,1902,,
,,53,Arconic Inc.,ARNC,reports,Industrials,Aerospace & Defense,"New York, New York",3/31/64,4281,2016,,
,anet,54,GGP Inc.,GGP,reports,,,,,895648,,,
,,55,Arthur J. Gallagher & Co.,AJG,reports,Financials,Insurance Brokers,"Itasca, Illinois",5/31/16,354190,,,
,,56,Assurant,AIZ,reports,Financials,Multi-line Insurance,"New York, New York",4/10/07,1267238,,,
,ATO,57,Newfield Exploration,NFX,reports,,,,,912750,,,
,,58,AT&T Inc.,T,reports,Communication Services,Integrated Telecommunication Services,"Dallas, Texas",11/30/83,732717,1983,,
,,59,Autodesk Inc.,ADSK,reports,Information Technology,Application Software,"San Rafael, California",12/1/89,769397,,,
,,60,Automatic Data Processing,ADP,reports,Information Technology,Internet Services & Infrastructure,"Roseland, New Jersey",3/31/81,8670,,,
,,61,AutoZone Inc,AZO,reports,Consumer Discretionary,Specialty Stores,"Memphis, Tennessee",1/2/97,866787,,,
,,62,"AvalonBay Communities, Inc.",AVB,reports,Real Estate,Residential REITs,"Arlington, Virginia[3]",1/10/07,915912,,,
,,63,Avery Dennison Corp,AVY,reports,Materials,Paper Packaging,"Glendale, California",12/31/87,8818,,,
,,64,"Baker Hughes, a GE Company",BHGE,reports,Energy,Oil & Gas Equipment & Services,"Houston, Texas",,1701605,2017,,
,,65,Ball Corp,BLL,reports,Materials,Metal & Glass Containers,"Broomfield, Colorado",10/31/84,9389,,,
,,66,Bank of America Corp,BAC,reports,Financials,Diversified Banks,"Charlotte, North Carolina",6/30/76,70858,,,
,,67,The Bank of New York Mellon Corp.,BK,reports,Financials,Asset Management & Custody Banks,"New York, New York",3/31/95,1390777,,,
,,68,Baxter International Inc.,BAX,reports,Health Care,Health Care Equipment,"Deerfield, Illinois",9/30/72,10456,1931,,
,,69,BB&T Corporation,BBT,reports,Financials,Regional Banks,"Winston-Salem, North Carolina",12/4/97,92230,,,
,,70,Becton Dickinson,BDX,reports,Health Care,Health Care Equipment,"Franklin Lakes, New Jersey",9/30/72,10795,1897,,
,,71,Berkshire Hathaway,BRK.B,reports,Financials,Multi-Sector Holdings,"Omaha, Nebraska",2/16/10,1067983,,,
,,72,Best Buy Co. Inc.,BBY,reports,Consumer Discretionary,Computer & Electronics Retail,"Richfield, Minnesota",6/29/99,764478,,,
,,73,Biogen Inc.,BIIB,reports,Health Care,Biotechnology,"Weston, Massachusetts",11/13/03,875045,,,
,,74,BlackRock,BLK,reports,Financials,Asset Management & Custody Banks,"New York, New York",4/4/11,1364742,,,
,,75,Block H&R,HRB,reports,Consumer Discretionary,Specialized Consumer Services,"Kansas City, Missouri",11/30/86,12659,,,
,,76,Boeing Company,BA,reports,Industrials,Aerospace & Defense,"Chicago, Illinois",,12927,1916,,
,,77,Booking Holdings Inc,BKNG,reports,Consumer Discretionary,Internet & Direct Marketing Retail,"Norwalk, Connecticut",11/6/09,1075531,,,
,,78,BorgWarner,BWA,reports,Consumer Discretionary,Auto Parts & Equipment,"Auburn Hills, Michigan",12/19/11,908255,,,
,,79,Boston Properties,BXP,reports,Real Estate,Office REITs,"Boston, Massachusetts",4/3/06,1037540,,,
,,80,Boston Scientific,BSX,reports,Health Care,Health Care Equipment,"Marlborough, Massachusetts[4]",2/24/95,885725,,,
,,81,Bristol-Myers Squibb,BMY,reports,Health Care,Health Care Distributors,"New York, New York",,14272,1989,,
,,82,Broadcom,AVGO,reports,Information Technology,Semiconductors,"San Jose, California",5/8/14,1441634,,,
,BR,83,Range Resources,RRC,reports,,,,,315852,,,
,,84,Brown-Forman Corp.,BF.B,reports,Consumer Staples,Distillers & Vintners,"Louisville, Kentucky",10/31/82,14693,,,
,,85,C. H. Robinson Worldwide,CHRW,reports,Industrials,Air Freight & Logistics,"Eden Prairie, Minnesota",3/2/07,1043277,,,
,,86,Cabot Oil & Gas,COG,reports,Energy,Oil & Gas Exploration & Production,"Houston, Texas",6/23/08,858470,,,
CDNS,,87,Staples,SPLS,reports,,,,,791519,,,
,,88,Campbell Soup,CPB,reports,Consumer Staples,Packaged Foods & Meats,"Camden, New Jersey",,16732,1869,,
,,89,Capital One Financial,COF,reports,Financials,Consumer Finance,"Tysons Corner, Virginia",7/1/98,927628,1935,,
,,90,Capri Holdings,CPRI,reports,Consumer Discretionary,"Apparel, Accessories & Luxury Goods","New York, New York",11/13/13,1530721,,,
,,91,Cardinal Health Inc.,CAH,reports,Health Care,Health Care Distributors,"Dublin, Ohio",5/27/97,721371,,,
,,92,Carmax Inc,KMX,reports,Consumer Discretionary,Specialty Stores,"Richmond, Virginia",6/28/10,1170010,,,
,,93,Carnival Corp.,CCL,reports,Consumer Discretionary,"Hotels, Resorts & Cruise Lines","Miami, Florida",12/22/98,815097,,,
,,94,Caterpillar Inc.,CAT,reports,Industrials,Construction Machinery & Heavy Trucks,"Peoria, Illinois",,18230,1925,,
CBOE,,95,Pitney Bowes Inc.,PBI,reports,,,,,78814,,,
,,96,CBRE Group,CBRE,reports,Real Estate,Real Estate Services,"Los Angeles, California",11/10/06,1138118,,,
,,97,CBS Corp.,CBS,reports,Communication Services,Broadcasting,"New York, New York",9/1/94,813828,2006,,
,CE,98,Express Scripts,ESRX,reports,,,,,1532063,,,
,,99,Celgene Corp.,CELG,reports,Health Care,Biotechnology,"Summit, New Jersey",39027,816284,,,
,,100,Centene Corporation,CNC,reports,Health Care,Managed Health Care,"St Louis, Missouri",42459,1071739,,,
,,101,CenterPoint Energy,CNP,reports,Utilities,Multi-Utilities,"Houston, Texas",31259,1130310,,,
,,102,CenturyLink Inc,CTL,reports,Communication Services,Integrated Telecommunication Services,"Monroe, Louisiana",36244,18926,,,
,,103,Cerner,CERN,reports,Health Care,Health Care Technology,"North Kansas City, Missouri",40298,804753,,,
,,104,CF Industries Holdings Inc,CF,reports,Materials,Fertilizers & Agricultural Chemicals,"Deerfield, Illinois",39687,1324404,,,
,,105,Charles Schwab Corporation,SCHW,reports,Financials,Investment Banking & Brokerage,"San Francisco, California",35583,316709,,,
,,106,Charter Communications,CHTR,reports,Communication Services,Cable & Satellite,"Stamford, Connecticut",42621,1091667,,,
,,107,Chevron Corp.,CVX,reports,Energy,Integrated Oil & Gas,"San Ramon, California",,93410,1879,,
,,108,Chipotle Mexican Grill,CMG,reports,Consumer Discretionary,Restaurants,"Denver, Colorado",40661,1058090,,,
,,109,Chubb Limited,CB,reports,Financials,Property & Casualty Insurance,"Zurich, Switzerland",40374,896159,,,
,,110,Church & Dwight,CHD,reports,Consumer Staples,Household Products,"Ewing, New Jersey",42367,313927,,,
,,111,CIGNA Corp.,CI,reports,Health Care,Managed Health Care,"Bloomfield, Connecticut",27941,701221,,,
,,112,Cimarex Energy,XEC,reports,Energy,Oil & Gas Exploration & Production,"Denver, Colorado",41811,1168054,,,
,,113,Cincinnati Financial,CINF,reports,Financials,Property & Casualty Insurance,"Fairfield, Ohio",35782,20286,,,
,,114,Cintas Corporation,CTAS,reports,Industrials,Diversified Support Services,"Mason, Ohio",36951,723254,,,
,,115,Cisco Systems,CSCO,reports,Information Technology,Communications Equipment,"San Jose, California",34304,858877,,,
,,116,Citigroup Inc.,C,reports,Financials,Diversified Banks,"New York, New York",32294,831001,,,
,,117,Citizens Financial Group,CFG,reports,Financials,Regional Banks,"Providence, Rhode Island",42398,759944,,,
,,118,Citrix Systems,CTXS,reports,Information Technology,Internet Software & Services,"Fort Lauderdale, Florida",36495,877890,,,
,,119,The Clorox Company,CLX,reports,Consumer Staples,Household Products,"Oakland, California",25293,21076,1913,,
,,120,CME Group Inc.,CME,reports,Financials,Financial Exchanges & Data,"Chicago, Illinois",38940,1156375,,,
,,121,CMS Energy,CMS,reports,Utilities,Multi-Utilities,"Jackson, Michigan",36283,811156,,,
,,122,Coca-Cola Company,KO,reports,Consumer Staples,Soft Drinks,"Atlanta, Georgia",,21344,1886,,
,,123,Cognizant Technology Solutions,CTSH,reports,Information Technology,IT Consulting & Other Services,"Teaneck, New Jersey",39038,1058290,,,
,,124,Colgate-Palmolive,CL,reports,Consumer Staples,Household Products,"New York, New York",,21665,1806,,
,,125,Comcast Corp.,CMCSA,reports,Communication Services,Cable & Satellite,"Philadelphia, Pennsylvania",42265,1166691,,,
,,126,Comerica Inc.,CMA,reports,Financials,Diversified Banks,"Dallas, Texas",35034,28412,,,
,,127,Conagra Brands,CAG,reports,Consumer Staples,Packaged Foods & Meats,"Chicago, Illinois",30559,23217,,,
,,128,Concho Resources,CXO,reports,Energy,Oil & Gas Exploration & Production,"Midland, Texas",42422,1358071,,,
,,129,ConocoPhillips,COP,reports,Energy,Oil & Gas Exploration & Production,"Houston, Texas",,1163165,2002,,
,,130,Consolidated Edison,ED,reports,Utilities,Electric Utilities,"New York, New York",,1047862,1823,,
,,131,Constellation Brands,STZ,reports,Consumer Staples,Distillers & Vintners,"Victor, New York",38538,16918,,,
,,132,The Cooper Companies,COO,reports,Health Care,Health Care Supplies,"Pleasanton, California",42636,711404,,,
,CPRT,133,Dr Pepper Snapple Group ,DPS,reports,,,,,1418135,,,
,,134,Corning Inc.,GLW,reports,Information Technology,Electronic Components,"Corning, New York",,24741,1851,,
,,135,Costco Wholesale Corp.,COST,reports,Consumer Staples,Hypermarkets & Super Centers,"Issaquah, Washington",34243,909832,,,
,,136,"Coty, Inc",COTY,reports,Consumer Staples,Personal Products,"New York, New York",42646,1024305,,,
,,137,Crown Castle International Corp.,CCI,reports,Real Estate,Specialized REITs,"Houston, Texas",40982,1051470,,,
,,138,CSX Corp.,CSX,reports,Industrials,Railroads,"Jacksonville, Florida",24745,277948,1980,,
,,139,Cummins Inc.,CMI,reports,Industrials,Industrial Machinery,"Columbus, Indiana",23832,26172,1919,,
,,140,CVS Health,CVS,reports,Health Care,Health Care Services,"Woonsocket, Rhode Island",,64803,1996,,
,,141,D. R. Horton,DHI,reports,Consumer Discretionary,Homebuilding,"Fort Worth, Texas",,882184,1978,,
,,142,Danaher Corp.,DHR,reports,Health Care,Health Care Equipment,"Washington, D.C.",,313616,1969,,
,,143,Darden Restaurants,DRI,reports,Consumer Discretionary,Restaurants,"Orlando, Florida",,940944,1938,,
,,144,DaVita Inc.,DVA,reports,Health Care,Health Care Facilities,"Denver, Colorado",39660,927066,,,
,,145,Deere & Co.,DE,reports,Industrials,Agricultural & Farm Machinery,"Moline, Illinois",,315189,1837,,
,,146,Delta Air Lines Inc.,DAL,reports,Industrials,Airlines,"Atlanta, Georgia",41528,27904,,,
,,147,Dentsply Sirona,XRAY,reports,Health Care,Health Care Supplies,"York, Pennsylvania",39766,818479,,,
,,148,Devon Energy,DVN,reports,Energy,Oil & Gas Exploration & Production,"Oklahoma City, Oklahoma",36768,1090012,,,
,fang,149,Stericycle Inc ,SRCL,reports,,,,,861878,,,
,,150,Digital Realty Trust Inc,DLR,reports,Real Estate,Specialized REITs,"San Francisco, California",42508,1297996,,,
,,151,Discover Financial Services,DFS,reports,Financials,Consumer Finance,"Riverwoods, Illinois",39265,1393612,,,
,,152,Discovery Inc. Class A,DISCA,reports,Communication Services,Broadcasting,"Silver Spring, Maryland",40238,1437107,,,
,,153,Discovery Inc. Class C,DISCK,reports,Communication Services,Broadcasting,"Silver Spring, Maryland",41858,1437107,,,
DISH,,154,Linear Technology ,LLTC,,,,,,791907,,,
,,155,Dollar General,DG,reports,Consumer Discretionary,General Merchandise Stores,"Goodlettsville, Tennessee",41246,29534,,,
,,156,Dollar Tree,DLTR,reports,Consumer Discretionary,General Merchandise Stores,"Chesapeake, Virginia",40896,935703,,,
,,157,Dominion Energy,D,reports,Utilities,Electric Utilities,"Richmond, Virginia",,715957,1983,,
,,158,Dover Corp.,DOV,reports,Industrials,Industrial Machinery,"Downers Grove, Illinois",31351,29905,,,
BHF,DOW,159,AutoNation Inc.,AN,reports,,,,,350698,,,
,,160,DowDuPont,DWDP,reports,Materials,Specialty Chemicals,"Midland, Michigan",,1666700,2017,,
,,161,DTE Energy Co.,DTE,reports,Utilities,Multi-Utilities,"Detroit, Michigan",,936340,1995,,
DRE,,162,Transocean,RIG,,,,,,1451505,,,
,,163,Duke Energy,DUK,reports,Utilities,Electric Utilities,"Charlotte, North Carolina",27941,1326160,,,
DXC,,164,Southwestern Energy ,SWN,,,,,,7332,,,
,,165,E*Trade,ETFC,reports,Financials,Investment Banking & Brokerage,"New York, New York",38077,1015780,,,
,,166,Eastman Chemical,EMN,reports,Materials,Diversified Chemicals,"Kingsport, Tennessee",34335,915389,,,
,,167,Eaton Corporation,ETN,reports,Industrials,Electrical Components & Equipment,"Dublin, Ireland",,1551182,1911,,
,,168,eBay Inc.,EBAY,reports,Consumer Discretionary,Internet & Direct Marketing Retail,"San Jose, California",,1065088,1995,,
,,169,Ecolab Inc.,ECL,reports,Materials,Specialty Chemicals,"St. Paul, Minnesota",32539,31462,,,
,,170,Edison Int'l,EIX,reports,Utilities,Electric Utilities,"Rosemead, California",,827052,1886,,
,,171,Edwards Lifesciences,EW,reports,Health Care,Health Care Equipment,"Irvine, California",40634,1099800,,,
,,172,Electronic Arts,EA,reports,Communication Services,Interactive Home Entertainment,"Redwood City, California",37459,712515,,,
,,173,Emerson Electric Company,EMR,reports,Industrials,Electrical Components & Equipment,"Ferguson, Missouri",23832,32604,1890,,
,,174,Entergy Corp.,ETR,reports,Utilities,Electric Utilities,"New Orleans, Louisiana",,65984,1913,,
,,175,EOG Resources,EOG,reports,Energy,Oil & Gas Exploration & Production,"Houston, Texas",36832,821189,,,
,,176,Equifax Inc.,EFX,reports,Industrials,Research & Consulting Services,"Atlanta, Georgia",35600,33185,,,
,,177,Equinix,EQIX,reports,Real Estate,Specialized REITs,"Redwood City, California",42083,1101239,,,
,,178,Equity Residential,EQR,reports,Real Estate,Residential REITs,"Chicago, Illinois",37228,906107,,,
,,179,"Essex Property Trust, Inc.",ESS,reports,Real Estate,Residential REITs,"Palo Alto, California",41731,920522,,,
,,180,Estee Lauder Cos.,EL,reports,Consumer Staples,Personal Products,"New York, New York",38722,1001250,,,
,EVRG,181,Navient Corp ,NAVI,reports,,,,,1593538,,,
,,182,Eversource Energy,ES,reports,Utilities,Multi-Utilities,"Springfield, Massachusetts",,72741,1966,,
RE,,183,Mead Johnson,MJN,reports,,,,,200406,,,
,,184,Exelon Corp.,EXC,reports,Utilities,Multi-Utilities,"Chicago, Illinois",,1109357,2000,,
,,185,Expedia Group,EXPE,reports,Consumer Discretionary,Internet & Direct Marketing Retail,"Bellevue, Washington",39357,1324424,,,
,,186,Expeditors,EXPD,reports,Industrials,Air Freight & Logistics,"Seattle, Washington",39365,746515,,,
,,187,Extra Space Storage,EXR,reports,Real Estate,Specialized REITs,"Salt Lake City, Utah",42388,1289490,,,
,,188,Exxon Mobil Corp.,XOM,reports,Energy,Integrated Oil & Gas,"Irving, Texas",,34088,1999,,
,,189,F5 Networks,FFIV,reports,Information Technology,Communications Equipment,"Seattle, Washington",40532,1048695,1996,,
,,190,"Facebook, Inc.",FB,reports,Communication Services,Interactive Media & Services,"Menlo Park, California",41631,1326801,,,
,,191,Fastenal Co,FAST,reports,Industrials,Building Products,"Winona, Minnesota",40071,815556,,,
,,192,Federal Realty Investment Trust,FRT,reports,Real Estate,Retail REITs,"Rockville, Maryland",42401,34903,,,
,,193,FedEx Corporation,FDX,reports,Industrials,Air Freight & Logistics,"Memphis, Tennessee",29586,1048911,,,
,,194,Fidelity National Information Services,FIS,reports,Information Technology,Internet Software & Services,"Jacksonville, Florida",39031,1136893,,,
,,195,Fifth Third Bancorp,FITB,reports,Financials,Regional Banks,"Cincinnati, Ohio",,35527,1858,,
,,196,FirstEnergy Corp,FE,reports,Utilities,Electric Utilities,"Akron, Ohio",,1031296,1997,,
,FRC,197,SCANA,SCG,reports,,,,,754737,,,
,,198,Fiserv Inc,FISV,reports,Information Technology,Internet Software & Services,"Brookfield, Wisconsin",36983,798354,,,
,FLT,199,Time Warner ,TWX,reports,,,,,1105705,,,
,,200,FLIR Systems,FLIR,reports,Information Technology,Electronic Equipment & Instruments,"Wilsonville, Oregon",39815,354908,,,
,,201,Flowserve Corporation,FLS,reports,Industrials,Industrial Machinery,"Irving, Texas",39723,30625,,,
,,202,Fluor Corp.,FLR,reports,Industrials,Construction & Engineering,"Irving, Texas",29311,1124198,,,
,,203,FMC Corporation,FMC,reports,Materials,Fertilizers & Agricultural Chemicals,"Philadelphia, Pennsylvania",40044,37785,,,
,,204,Foot Locker Inc,FL,reports,Consumer Discretionary,Apparel Retail,"New York, New York",42464,850209,,,
,,205,Ford Motor,F,reports,Consumer Discretionary,Automobile Manufacturers,"Dearborn, Michigan",,37996,1903,,
,FTNT,206,Envision Healthcare ,EVHC,reports,,,,,1344154,,,
,,207,Fortive Corp,FTV,reports,Industrials,Industrial Machinery,"Everett, Washington",42552,1659166,,,
,,208,Fortune Brands Home & Security,FBHS,reports,Industrials,Building Products,"Deerfield, Illinois",42543,1519751,,,
,,209,Franklin Resources,BEN,reports,Financials,Asset Management & Custody Banks,"San Mateo, California",,38777,1947,,
,,210,Freeport-McMoRan Inc.,FCX,reports,Materials,Copper,"Phoenix, Arizona",,831259,1912,,
,,211,Gap Inc.,GPS,reports,Consumer Discretionary,Apparel Retail,"San Francisco, California",31655,39911,,,
,,212,Garmin Ltd.,GRMN,reports,Consumer Discretionary,Consumer Electronics,"Schaffhausen, Switzerland",41255,1121788,,,
IT,,213,Dun and Bradstreet,DNB,reports,,,,,1115222,,,
,,214,General Dynamics,GD,reports,Industrials,Aerospace & Defense,"Falls Church, Virginia",,40533,1899,,
,,215,General Electric,GE,reports,Industrials,Industrial Conglomerates,"Boston, Massachusetts",,40545,1892,,
,,216,General Mills,GIS,reports,Consumer Staples,Packaged Foods & Meats,"Golden Valley, Minnesota",25293,40704,1856,,
,,217,General Motors,GM,reports,Consumer Discretionary,Automobile Manufacturers,"Detroit, Michigan",41431,1467858,,,
,,218,Genuine Parts,GPC,reports,Consumer Discretionary,Specialty Stores,"Atlanta, Georgia",27029,40987,1925,,
,,219,Gilead Sciences,GILD,reports,Health Care,Biotechnology,"Foster City, California",38169,882095,,,
,,220,Global Payments Inc.,GPN,reports,Information Technology,Data Processing & Outsourced Services,"Atlanta, Georgia",42485,1123360,,,
,,221,Goldman Sachs Group,GS,reports,Financials,Investment Banking & Brokerage,"New York, New York",37459,886982,,,
,,222,Grainger (W.W.) Inc.,GWW,reports,Industrials,Industrial Machinery,"Lake Forest, Illinois",29767,277135,,,
,,223,Halliburton Co.,HAL,reports,Energy,Oil & Gas Equipment & Services,"Houston, Texas",,45012,1919,,
,,224,Hanesbrands Inc,HBI,reports,Consumer Discretionary,"Apparel, Accessories & Luxury Goods","Winston-Salem, North Carolina",42083,1359841,,,
,,225,Harley-Davidson,HOG,reports,Consumer Discretionary,Motorcycle Manufacturers,"Milwaukee, Wisconsin",,793952,1903,,
,,226,Harris Corporation,HRS,reports,Industrials,Aerospace & Defense,"Melbourne, Florida",39713,202058,,,
,,227,Hartford Financial Svc.Gp.,HIG,reports,Financials,Property & Casualty Insurance,"Hartford, Connecticut",,874766,,,
,,228,Hasbro Inc.,HAS,reports,Consumer Discretionary,Leisure Products,"Pawtucket, Rhode Island",30955,46080,,,
,,229,HCA Holdings,HCA,reports,Health Care,Health Care Facilities,"Nashville, Tennessee",42031,860730,,,
,,230,HCP Inc.,HCP,reports,Real Estate,Health Care REITs,"Long Beach, California",39538,765880,,,
,,231,Helmerich & Payne,HP,reports,Energy,Oil & Gas Drilling,"Tulsa, Oklahoma[5]",40238,46765,,,
,,232,Henry Schein,HSIC,reports,Health Care,Health Care Distributors,"Melville, New York",42080,1000228,,,
,,233,The Hershey Company,HSY,reports,Consumer Staples,Packaged Foods & Meats,"Hershey, Pennsylvania",,47111,1894,,
,,234,Hess Corporation,HES,reports,Energy,Integrated Oil & Gas,"New York, New York",30833,4447,,,
,,235,Hewlett Packard Enterprise,HPE,reports,Information Technology,"Technology Hardware, Storage & Peripherals","Palo Alto, California",42310,1645590,,,
HLT,,236,Yahoo Inc ,YHOO,reports,,,,,1011006,,,
,HFC,237,Acuity Brands,AYI,reports,,,,,1144215,,,
,,238,Hologic,HOLX,reports,Health Care,Health Care Equipment,"Marlborough, Massachusetts",42459,859737,,,
,,239,Home Depot,HD,reports,Consumer Discretionary,Home Improvement Retail,"Atlanta, Georgia",32233,354950,,,
,,240,Honeywell Int'l Inc.,HON,reports,Industrials,Industrial Conglomerates,"Morristown, New Jersey",23467,773840,1906,,
,,241,Hormel Foods Corp.,HRL,reports,Consumer Staples,Packaged Foods & Meats,"Austin, Minnesota",39876,48465,,,
,,242,Host Hotels & Resorts,HST,reports,Real Estate,Hotel & Resort REITs,"Bethesda, Maryland",39161,1070750,,,
,,243,HP Inc.,HPQ,reports,Information Technology,"Technology Hardware, Storage & Peripherals","Palo Alto, California",27394,47217,1939 (2015),,
,,244,Humana Inc.,HUM,reports,Health Care,Managed Health Care,"Louisville, Kentucky",,49071,1961,,
,,245,Huntington Bancshares,HBAN,reports,Financials,Regional Banks,"Columbus, Ohio",,49196,1866,,
,HII,246,CR Bard,BCR,reports,,,,,9892,,,
IDXX,,247,St Jude Medical ,STJ,reports,,,,,203077,,,
INFO,,248,Tegna Inc,TGNA,reports,,,,,39899,,,
,,249,Illinois Tool Works,ITW,reports,Industrials,Industrial Machinery,"Glenview, Illinois",31471,49826,,,
,,250,Illumina Inc,ILMN,reports,Health Care,Life Sciences Tools & Services,"San Diego, California",42327,1110803,,,
,,251,Ingersoll-Rand PLC,IR,reports,Industrials,Industrial Machinery,"Dublin, Ireland",40499,1466258,,,
,,252,Intel Corp.,INTC,reports,Information Technology,Semiconductors,"Santa Clara, California",28125,50863,,,
,,253,Intercontinental Exchange,ICE,reports,Financials,Financial Exchanges & Data,"Atlanta, Georgia",39351,1571949,,,
,,254,International Business Machines,IBM,reports,Information Technology,IT Consulting & Other Services,"Armonk, New York",,51143,1911,,
INCY,,255,Spectra Energy Corp ,SE,reports,,,,,1373835,,,
,,256,International Paper,IP,reports,Materials,Paper Packaging,"Memphis, Tennessee",,51434,1898,,
,,257,Interpublic Group,IPG,reports,Communication Services,Advertising,"New York, New York",33878,51644,,,
,,258,Intl Flavors & Fragrances,IFF,reports,Materials,Specialty Chemicals,"New York, New York",27850,51253,,,
,,259,Intuit Inc.,INTU,reports,Information Technology,Internet Software & Services,"Mountain View, California",36865,896878,,,
,,260,Intuitive Surgical Inc.,ISRG,reports,Health Care,Health Care Equipment,"Sunnyvale, California",39601,1035267,,,
,,261,Invesco Ltd.,IVZ,reports,Financials,Asset Management & Custody Banks,"Atlanta, Georgia",39681,914208,,,
,IPGP,262,Scripps Networks Interactive,SNI,reports,,,,,1430602,,,
IQV,,263,Whole Foods Market ,WFM,reports,,,,,865436,,,
,,264,Iron Mountain Incorporated,IRM,reports,Real Estate,Specialized REITs,"Boston, Massachusetts",39819,1020569,,,
,jkhy,265,EQT Corp ,EQT,reports,,,,,33213,,,
,,266,Jacobs Engineering Group,JEC,reports,Industrials,Construction & Engineering,"Pasadena, California",39381,52988,,,
,,267,J. B. Hunt Transport Services,JBHT,reports,Industrials,Trucking,"Lowell, Arkansas",42186,728535,,,
,,268,Jefferies Financial Group,JEF,reports,Financials,Multi-Sector Holdings,"New York, New York",39321,96223,,,
,,269,JM Smucker,SJM,reports,Consumer Staples,Packaged Foods & Meats,"Orrville, Ohio",39758,91419,,,
,,270,Johnson & Johnson,JNJ,reports,Health Care,Pharmaceuticals,"New Brunswick, New Jersey",26845,200406,1886,,
,,271,Johnson Controls International,JCI,reports,Industrials,Building Products,"Cork, Ireland",40417,833444,,,
,,272,JPMorgan Chase & Co.,JPM,reports,Financials,Diversified Banks,"New York, New York",27575,19617,,,
,,273,Juniper Networks,JNPR,reports,Information Technology,Communications Equipment,"Sunnyvale, California",,1043604,1996,,
,,274,Kansas City Southern,KSU,reports,Industrials,Railroads,"Kansas City, Missouri",41418,54480,,,
,,275,Kellogg Co.,K,reports,Consumer Staples,Packaged Foods & Meats,"Battle Creek, Michigan",,55067,1906,,
,,276,KeyCorp,KEY,reports,Financials,Regional Banks,"Cleveland, Ohio",34394,91576,,,
,KEYS,277,CA Inc.,CA,reports,,,,,356028,,,
,,278,Kimberly-Clark,KMB,reports,Consumer Staples,Household Products,"Irving, Texas",,55785,1872,,
,,279,Kimco Realty,KIM,reports,Real Estate,Retail REITs,"New Hyde Park, New York",38811,879101,,,
,,280,Kinder Morgan,KMI,reports,Energy,Oil & Gas Storage & Transportation,"Houston, Texas",41054,1506307,,,
,,281,KLA-Tencor Corp.,KLAC,reports,Information Technology,Semiconductor Equipment,"Milpitas, California",,319201,1975/1977 (1997),,
,,282,Kohl's Corp.,KSS,reports,Consumer Discretionary,General Merchandise Stores,"Menomonee Falls, Wisconsin",,885639,1962,,
,,283,Kraft Heinz Co,KHC,reports,Consumer Staples,Packaged Foods & Meats,"Pittsburgh, Pennsylvania",42191,1637459,,,
,,284,Kroger Co.,KR,reports,Consumer Staples,Food Retail,"Cincinnati, Ohio",,56873,1883,,
,,285,L Brands Inc.,LB,reports,Consumer Discretionary,Apparel Retail,"Columbus, Ohio",30589,701985,,,
,,286,L-3 Communications Holdings,LLL,reports,Industrials,Aerospace & Defense,"New York, New York",,1056239,1997,,
,,287,Laboratory Corp. of America Holding,LH,reports,Health Care,Health Care Services,"Burlington, North Carolina",38292,920148,,,
,,288,Lam Research,LRCX,reports,Information Technology,Semiconductor Equipment,"Fremont, California",41089,707549,,,
,LW,289,Rockwell Collins Inc,COL,reports,,,,,1137411,,,
,,290,Leggett & Platt,LEG,reports,Consumer Discretionary,Home Furnishings,"Carthage, Missouri",,58492,1883,,
,,291,Lennar Corp.,LEN,reports,Consumer Discretionary,Homebuilding,"Miami, Florida",38629,920760,,,
,,292,Lilly (Eli) & Co.,LLY,reports,Health Care,Pharmaceuticals,"Indianapolis, Indiana",25933,59478,1876,,
,,293,Lincoln National,LNC,reports,Financials,Multi-line Insurance,"Radnor, Pennsylvania",27941,59558,,,
,,294,Linde plc,LIN,reports,Materials,Industrial Gases,"Guildford, Surrey, United Kingdom",33786,1707925,,,
,,295,LKQ Corporation,LKQ,reports,Consumer Discretionary,Distributors,"Chicago, Illinois",42513,1065696,,,
,,296,Lockheed Martin Corp.,LMT,reports,Industrials,Aerospace & Defense,"Bethesda, Maryland",30894,936468,,,
,,297,Loews Corp.,L,reports,Financials,Multi-line Insurance,"New York, New York",,60086,,,
,,298,Lowe's Cos.,LOW,reports,Consumer Discretionary,Home Improvement Retail,"Mooresville, North Carolina",30741,60667,1904/1946/1959,,
,,299,LyondellBasell,LYB,reports,Materials,Specialty Chemicals,"Rotterdam, Netherlands",41157,1489393,,,
,,300,M&T Bank Corp.,MTB,reports,Financials,Regional Banks,"Buffalo, New York",,36270,1856,,
,,301,Macerich,MAC,reports,Real Estate,Retail REITs,"Santa Monica, California",41403,912242,,,
,,302,Macy's Inc.,M,reports,Consumer Discretionary,Department Stores,"Cincinnati, Ohio",,794367,1929,,
,,303,Marathon Oil Corp.,MRO,reports,Energy,Oil & Gas Exploration & Production,"Houston, Texas",33359,101778,,,
,,304,Marathon Petroleum,MPC,reports,Energy,Oil & Gas Refining & Marketing,"Findlay, Ohio",40725,1510295,,,
,,305,Marriott Int'l.,MAR,reports,Consumer Discretionary,"Hotels, Resorts & Cruise Lines","Bethesda, Maryland",,1048286,1927,,
,,306,Marsh & McLennan,MMC,reports,Financials,Insurance Brokers,"New York, New York",32020,62709,,,
,,307,Martin Marietta Materials,MLM,reports,Materials,Construction Materials,"Raleigh, North Carolina",41822,916076,,,
,,308,Masco Corp.,MAS,reports,Industrials,Building Products,"Taylor, Michigan",29767,62996,,,
,,309,Mastercard Inc.,MA,reports,Information Technology,IT Services,"Harrison, New York",39647,1141391,,,
,,310,Mattel Inc.,MAT,reports,Consumer Discretionary,Leisure Products,"El Segundo, California",30041,63276,,,
,,311,McCormick & Co.,MKC,reports,Consumer Staples,Packaged Foods & Meats,"Sparks, Maryland",,63754,1889,,
,MXIM,312,Aetna Inc ,AET,reports,,,,,1122304,,,
,,313,McDonald's Corp.,MCD,reports,Consumer Discretionary,Restaurants,"Chicago, Illinois",25749,63908,1940,,
,,314,McKesson Corp.,MCK,reports,Health Care,Health Care Distributors,"San Francisco, California",,927653,1833,,
,,315,Medtronic plc,MDT,reports,Health Care,Health Care Equipment,"Dublin, Ireland",31716,64670,,,
,,316,Merck & Co.,MRK,reports,Health Care,Pharmaceuticals,"Whitehouse Station, New Jersey",,310158,1891,,
,,317,MetLife Inc.,MET,reports,Financials,Life & Health Insurance,"New York, New York",,1099219,1868,,
,,318,Mettler Toledo,MTD,reports,Health Care,Life Sciences Tools & Services,"Columbus, Ohio",42619,1037646,,,
MGM,,319,Reynolds American,RAI,reports,,,,,83612,,,
,,320,Microchip Technology,MCHP,reports,Information Technology,Semiconductors,"Chandler, Arizona",39332,827054,,,
,,321,Micron Technology,MU,reports,Information Technology,Semiconductors,"Boise, Idaho",34604,723125,,,
,,322,Microsoft Corp.,MSFT,reports,Information Technology,Systems Software,"Redmond, Washington",34486,789019,1975,,
,,323,Mid-America Apartments,MAA,reports,Real Estate,Residential REITs,"Memphis, Tennessee",42706,912595,,,
,,324,Mohawk Industries,MHK,reports,Consumer Discretionary,Home Furnishings,"Amsterdam, New York",41631,851968,,,
,,325,Molson Coors Brewing Company,TAP,reports,Consumer Staples,Brewers,"Denver, Colorado",27941,24545,,,
,,326,Mondelez International,MDLZ,reports,Consumer Staples,Packaged Foods & Meats,"Deerfield, Illinois",41184,1103982,,,
,,327,Monster Beverage,MNST,reports,Consumer Staples,Soft Drinks,"Corona, California",41088,865752,,,
,,328,Moody's Corp,MCO,reports,Financials,Financial Exchanges & Data,"New York, New York",,1059556,1909,,
,,329,Morgan Stanley,MS,reports,Financials,Investment Banking & Brokerage,"New York, New York",,895421,1935,,
,,330,The Mosaic Company,MOS,reports,Materials,Fertilizers & Agricultural Chemicals,"Plymouth, Minnesota",40812,1285785,,,
,,331,Motorola Solutions Inc.,MSI,reports,Information Technology,Communications Equipment,"Schaumburg, Illinois",,68505,1928 (2011),,
,MSCI,332,CSRA Inc ,CSRA,reports,,,,,1646383,,,
,,333,Mylan N.V.,MYL,reports,Health Care,Pharmaceuticals,"Amsterdam, Netherlands",38100,69499,,,
,,334,"Nasdaq, Inc.",NDAQ,reports,Financials,Financial Exchanges & Data,"New York, New York",39743,1120193,,,
,,335,National Oilwell Varco Inc.,NOV,reports,Energy,Oil & Gas Equipment & Services,"Houston, Texas",38425,1021860,,,
,NKTR,336,Chesapeake Energy ,CHK,reports,,,,,895126,,,
,,337,NetApp,NTAP,reports,Information Technology,Internet Software & Services,"Sunnyvale, California",36336,1002047,,,
,,338,Netflix Inc.,NFLX,reports,Communication Services,Movies & Entertainment,"Los Gatos, California",40532,1065280,1997,,
,,339,Newell Brands,NWL,reports,Consumer Discretionary,Housewares & Specialties,"Sandy Springs, Georgia",32628,814453,,,
,,340,Newmont Mining Corporation,NEM,reports,Materials,Gold,"Denver, Colorado",25384,1164727,1921,,
,,341,News Corp. Class A,NWSA,reports,Communication Services,Publishing,"New York, New York",41487,1564708,,,
,,342,News Corp. Class B,NWS,reports,Communication Services,Publishing,"New York, New York",42265,1564708,,,
,,343,NextEra Energy,NEE,reports,Utilities,Multi-Utilities,"Juno Beach, Florida",27941,753308,,,
,,344,Nielsen Holdings,NLSN,reports,Industrials,Research & Consulting Services,"New York, New York",41464,1492633,,,
,,345,Nike,NKE,reports,Consumer Discretionary,"Apparel, Accessories & Luxury Goods","Washington County, Oregon",32477,320187,,,
,,346,NiSource Inc.,NI,reports,Utilities,Multi-Utilities,"Merrillville, Indiana",,1111711,1912,,
,,347,Noble Energy Inc,NBL,reports,Energy,Oil & Gas Exploration & Production,"Houston, Texas",39363,72207,,,
,,348,Nordstrom,JWN,reports,Consumer Discretionary,Department Stores,"Seattle, Washington",31655,72333,,,
,,349,Norfolk Southern Corp.,NSC,reports,Industrials,Railroads,"Norfolk, Virginia",,702165,1881/1894 (1980),,
,,350,Northern Trust Corp.,NTRS,reports,Financials,Asset Management & Custody Banks,"Chicago, Illinois",,73124,1889,,
,,351,Northrop Grumman Corp.,NOC,reports,Industrials,Aerospace & Defense,"West Falls Church, Virginia",31228,1133421,,,
NCLH,,352,Level 3 Communications,LVLT,reports,,,,,794323,,,
,,353,NRG Energy,NRG,reports,Utilities,Independent Power Producers & Energy Traders,"Princeton, New Jersey",40207,1013871,,,
,,354,Nucor Corp.,NUE,reports,Materials,Steel,"Charlotte, North Carolina",31167,73309,,,
,,355,Nvidia Corporation,NVDA,reports,Information Technology,Semiconductors,"Santa Clara, California",37225,1045810,,,
,,356,O'Reilly Automotive,ORLY,reports,Consumer Discretionary,Specialty Stores,"Springfield, Missouri",39899,898173,,,
,,357,Occidental Petroleum,OXY,reports,Energy,Oil & Gas Exploration & Production,"Los Angeles, California",30316,797468,,,
,,358,Omnicom Group,OMC,reports,Communication Services,Advertising,"New York, New York",,29989,1986,,
,,359,ONEOK,OKE,reports,Energy,Oil & Gas Storage & Transportation,"Tulsa, Oklahoma",40252,1039684,,,
,,360,Oracle Corp.,ORCL,reports,Information Technology,Application Software,"Redwood Shores, California",32751,1341439,,,
,,361,PACCAR Inc.,PCAR,reports,Industrials,Construction Machinery & Heavy Trucks,"Bellevue, Washington",29586,75362,,,
PKG,,362,Murphy Oil ,MUR,reports,,,,,717423,,,
,,363,Parker-Hannifin,PH,reports,Industrials,Industrial Machinery,"Cleveland, Ohio",31381,76334,,,
,,364,Paychex Inc.,PAYX,reports,Information Technology,Internet Software & Services,"Penfield, New York",,723531,1971,,
,,365,PayPal,PYPL,reports,Information Technology,Data Processing & Outsourced Services,"San Jose, California",42205,1633917,,,
,,366,Pentair plc,PNR,reports,Industrials,Industrial Machinery,"Worsley, UK",41183,77360,,,
,,367,People's United Financial,PBCT,reports,Financials,Thrifts & Mortgage Finance,"Bridgeport, Connecticut",39765,1378946,,,
,,368,PepsiCo Inc.,PEP,reports,Consumer Staples,Soft Drinks,"Purchase, New York",,77476,1898,,
,,369,PerkinElmer,PKI,reports,Health Care,Health Care Equipment,"Waltham, Massachusetts",31198,31791,,,
,,370,Perrigo,PRGO,reports,Health Care,Pharmaceuticals,"Dublin, Ireland",40896,1585364,,,
,,371,Pfizer Inc.,PFE,reports,Health Care,Pharmaceuticals,"New York, New York",,78003,1849,,
,,372,Philip Morris International,PM,reports,Consumer Staples,Tobacco,"New York, New York",39538,1413329,,,
,,373,Phillips 66,PSX,reports,Energy,Oil & Gas Refining & Marketing,"Houston, Texas",41030,1534701,,,
,,374,Pinnacle West Capital,PNW,reports,Utilities,Multi-Utilities,"Phoenix, Arizona",,764622,1985,,
,,375,Pioneer Natural Resources,PXD,reports,Energy,Oil & Gas Exploration & Production,"Irving, Texas",39715,1038357,,,
,,376,PNC Financial Services,PNC,reports,Financials,Regional Banks,"Pittsburgh, Pennsylvania",32263,713676,,,
,,377,Polo Ralph Lauren Corp.,RL,reports,Consumer Discretionary,"Apparel, Accessories & Luxury Goods","New York, New York",39115,1037038,,,
,,378,PPG Industries,PPG,reports,Materials,Specialty Chemicals,"Pittsburgh, Pennsylvania",,79879,1883,,
,,379,PPL Corp.,PPL,reports,Utilities,Electric Utilities,"Allentown, Pennsylvania",,922224,,,
,,380,Principal Financial Group,PFG,reports,Financials,Life & Health Insurance,"Des Moines, Iowa",37459,1126328,,,
,,381,Procter & Gamble,PG,reports,Consumer Staples,Personal Products,"Cincinnati, Ohio",,80424,1837,,
,,382,Progressive Corp.,PGR,reports,Financials,Property & Casualty Insurance,"Mayfield Village, Ohio",35646,80661,,,
,,383,Prologis,PLD,reports,Real Estate,Industrial REITs,"San Francisco, California",37819,1045609,,,
,,384,Prudential Financial,PRU,reports,Financials,Life & Health Insurance,"Newark, New Jersey",37459,1137774,,,
,,385,Public Serv. Enterprise Inc.,PEG,reports,Utilities,Electric Utilities,"Newark, New Jersey",,788784,,,
,,386,Public Storage,PSA,reports,Real Estate,Specialized REITs,"Glendale, California",38583,1393311,,,
,,387,Pulte Homes Inc.,PHM,reports,Consumer Discretionary,Homebuilding,"Atlanta, Georgia",30802,822416,,,
,,388,PVH Corp.,PVH,reports,Consumer Discretionary,"Apparel, Accessories & Luxury Goods","New York, New York",41320,78239,,,
,,389,Qorvo,QRVO,reports,Information Technology,Semiconductors,"Greensboro, North Carolina",42166,1604778,,,
,,390,Quanta Services Inc.,PWR,reports,Industrials,Construction & Engineering,"Houston, Texas",39995,1050915,,,
,,391,QUALCOMM Inc.,QCOM,reports,Information Technology,Semiconductors,"San Diego, California",,804328,1985,,
,,392,Quest Diagnostics,DGX,reports,Health Care,Health Care Services,"Madison, New Jersey",37602,1022079,,,
RJF,,393,Frontier Communications,FTR,reports,,,,,20520,,,
,,394,Raytheon Co.,RTN,reports,Industrials,Aerospace & Defense,"Waltham, Massachusetts",,1047122,1922,,
,,395,Realty Income Corporation,O,reports,Real Estate,Retail REITs,"San Diego, California",42101,726728,,,
,,396,Red Hat Inc.,RHT,reports,Information Technology,Systems Software,"Raleigh, North Carolina",40021,1087423,,,
REG,,397,Endo International plc,ENDP,reports,,,,,1593034,,,
,,398,Regeneron,REGN,reports,Health Care,Biotechnology,"Tarrytown, New York",41395,872589,,,
,,399,Regions Financial Corp.,RF,reports,Financials,Regional Banks,"Birmingham, Alabama",36035,1281761,,,
,,400,Republic Services Inc,RSG,reports,Industrials,Environmental & Facilities Services,"Phoenix, Arizona",39787,1060391,,,
RMD,,401,Mallinckrodt,MNK,reports,,,,,1567892,,,
,,402,Robert Half International,RHI,reports,Industrials,Human Resource & Employment Services,"Menlo Park, California",36865,315213,,,
,,403,Rockwell Automation Inc.,ROK,reports,Industrials,Electrical Components & Equipment,"Milwaukee, Wisconsin",,1024478,,,
,ROL,404,Andeavor,ANDV,reports,,,,,50104,,,
,,405,Roper Technologies,ROP,reports,Industrials,Industrial Conglomerates,"Sarasota, Florida",40170,882835,,,
,,406,Ross Stores,ROST,reports,Consumer Discretionary,Apparel Retail,"Pleasanton, California",40168,745732,,,
,,407,Royal Caribbean Cruises Ltd,RCL,reports,Consumer Discretionary,"Hotels, Resorts & Cruise Lines","Miami, Florida",41978,884887,,,
,,408,Salesforce.com,CRM,reports,Information Technology,Internet Software & Services,"San Francisco, California",39706,1108524,,,
SBAC,,409,DuPont,DD,reports,,,,,30554,,,
,,410,Schlumberger Ltd.,SLB,reports,Energy,Oil & Gas Equipment & Services,"CuraÃ§ao, Kingdom of the Netherlands",23832,87347,1926,,
,,411,Seagate Technology,STX,reports,Information Technology,"Technology Hardware, Storage & Peripherals","Dublin, Ireland",41092,1137789,,,
,,412,Sealed Air,SEE,reports,Materials,Paper Packaging,"Elmwood Park, New Jersey",,1012100,,,
,,413,Sempra Energy,SRE,reports,Utilities,Multi-Utilities,"San Diego, California",,1032208,,,
,,414,Sherwin-Williams,SHW,reports,Materials,Specialty Chemicals,"Cleveland, Ohio",23558,89800,1866,,
,,415,Simon Property Group Inc,SPG,reports,Real Estate,Retail REITs,"Indianapolis, Indiana",37433,1063761,,,
,,416,Skyworks Solutions,SWKS,reports,Information Technology,Semiconductors,"Woburn, Massachusetts",42075,4127,,,
,,417,SL Green Realty,SLG,reports,Real Estate,Office REITs,"New York, New York",42083,1040971,,,
,,418,Snap-on,SNA,reports,Industrials,Industrial Machinery,"Kenosha, Wisconsin",30224,91440,,,
,,419,Southern Co.,SO,reports,Utilities,Electric Utilities,"Atlanta, Georgia",,92122,,,
,,420,Southwest Airlines,LUV,reports,Industrials,Airlines,"Dallas, Texas",34516,92380,,,
,,421,"S&P Global, Inc.",SPGI,reports,Financials,Financial Exchanges & Data,"New York, New York",,64040,,,
,,422,Stanley Black & Decker,SWK,reports,Industrials,Industrial Machinery,"New Britain, Connecticut",30224,93556,,,
,,423,Starbucks Corp.,SBUX,reports,Consumer Discretionary,Restaurants,"Seattle, Washington",,829224,1971,,
,,424,State Street Corp.,STT,reports,Financials,Asset Management & Custody Banks,"Boston, Massachusetts",,93751,,,
,,425,Stryker Corp.,SYK,reports,Health Care,Health Care Equipment,"Kalamazoo, Michigan",36872,310764,,,
,,426,SunTrust Banks,STI,reports,Financials,Regional Banks,"Atlanta, Georgia",32294,750556,,,
,SIVB,427,Patterson Companies,PDCO,reports,,,,,891024,,,
,,428,Symantec Corp.,SYMC,reports,Information Technology,Application Software,"Mountain View, California",37705,849399,,,
,,429,Synchrony Financial,SYF,reports,Financials,Consumer Finance,"Stamford, Connecticut",42326,1601712,,,
SNPS,,430,Harman Int’l Industires,HAR,reports,,,,,876661,,,
,,431,Sysco Corp.,SYY,reports,Consumer Staples,Food Distributors,"Houston, Texas",31777,96021,,,
,,432,T. Rowe Price Group,TROW,reports,Financials,Asset Management & Custody Banks,"Baltimore, Maryland",,1113169,1937,,
,TTWO,433,Signet Jewlers,SIG,reports,,,,,832988,,,
,,434,"Tapestry, Inc.",TPR,reports,Consumer Discretionary,"Apparel, Accessories & Luxury Goods","New York, New York",,1116132,2017,,
,,435,Target Corp.,TGT,reports,Consumer Discretionary,General Merchandise Stores,"Minneapolis, Minnesota",28125,27419,,,
,,436,TE Connectivity Ltd.,TEL,reports,Information Technology,Electronic Manufacturing Services,"Schaffhausen, Switzerland",40833,1385157,,,
,,437,TechnipFMC,FTI,reports,Energy,Oil & Gas Equipment & Services,"London, United Kingdom",39969,1681459,,,
,TFX,438,PG&E Corp,PCG,reports,,,,,1004980,,,
,,439,Texas Instruments,TXN,reports,Information Technology,Semiconductors,"Dallas, Texas",,97476,1930,,
,,440,Textron Inc.,TXT,reports,Industrials,Aerospace & Defense,"Providence, Rhode Island",28855,217346,,,
,,441,Thermo Fisher Scientific,TMO,reports,Health Care,Health Care Equipment,"Waltham, Massachusetts",,97745,2006,,
,,442,Tiffany & Co.,TIF,reports,Consumer Discretionary,"Apparel, Accessories & Luxury Goods","New York, New York",36698,98246,,,
,TWTR,443,Monsanto,MON,reports,,,,,1110783,,,
,,444,TJX Companies Inc.,TJX,reports,Consumer Discretionary,Apparel Retail,"Framingham, Massachusetts",31320,109198,,,
,,445,Torchmark Corp.,TMK,reports,Financials,Life & Health Insurance,"McKinney, Texas",32628,320335,,,
,,446,Total System Services,TSS,reports,Information Technology,Internet Software & Services,"Columbus, Georgia",39449,721683,,,
,,447,Tractor Supply Company,TSCO,reports,Consumer Discretionary,Specialty Stores,"Brentwood, Tennessee",41663,916365,,,
,,448,TransDigm Group,TDG,reports,Industrials,Aerospace & Defense,"Cleveland, Ohio",42524,1260221,,,
,,449,The Travelers Companies Inc.,TRV,reports,Financials,Property & Casualty Insurance,"New York, New York",37489,86312,,,
,,450,TripAdvisor,TRIP,reports,Communication Services,Interactive Media & Services,"Newton, Massachusetts",40898,1526520,,,
,,451,Twenty-First Century Fox Class A,FOXA,reports,Communication Services,Movies & Entertainment,"New York, New York",41456,1308161,,,
,,452,Twenty-First Century Fox Class B,FOX,reports,Communication Services,Movies & Entertainment,"New York, New York",42265,1308161,,,
,,453,Tyson Foods,TSN,reports,Consumer Staples,Packaged Foods & Meats,"Springdale, Arkansas",,100493,,,
,,454,UDR Inc,UDR,reports,Real Estate,Residential REITs,"Highlands Ranch, Colorado",42436,74208,,,
,,455,Ulta Beauty,ULTA,reports,Consumer Discretionary,Specialty Stores,"Bolingbrook, Illinois",42478,1403568,,,
,,456,U.S. Bancorp,USB,reports,Financials,Diversified Banks,"Minneapolis, Minnesota",,36104,1968,,
,,457,Under Armour Class A,UAA,reports,Consumer Discretionary,"Apparel, Accessories & Luxury Goods","Baltimore, Maryland",42454,1336917,,,
,,458,Under Armour Class C,UA,reports,Consumer Discretionary,"Apparel, Accessories & Luxury Goods","Baltimore, Maryland",41760,1336917,,,
,,459,Union Pacific,UNP,reports,Industrials,Railroads,"Omaha, Nebraska",,100885,,,
,,460,United Continental Holdings,UAL,reports,Industrials,Airlines,"Chicago, Illinois",42250,100517,,,
,,461,United Health Group Inc.,UNH,reports,Health Care,Managed Health Care,"Minnetonka, Minnesota",34516,731766,,,
,,462,United Parcel Service,UPS,reports,Industrials,Air Freight & Logistics,"Atlanta, Georgia",37459,1090727,,,
,,463,"United Rentals, Inc.",URI,reports,Industrials,Trading Companies & Distributors,"Stamford, Connecticut",41902,1067701,,,
,,464,United Technologies,UTX,reports,Industrials,Aerospace & Defense,"Hartford, Connecticut",,101829,,,
,,465,"Universal Health Services, Inc.",UHS,reports,Health Care,Health Care Facilities,"King of Prussia, Pennsylvania",41902,352915,,,
,,466,Unum Group,UNM,reports,Financials,Life & Health Insurance,"Chattanooga, Tennessee",34394,5513,,,
,,467,V.F. Corp.,VFC,reports,Consumer Discretionary,"Apparel, Accessories & Luxury Goods","Greensboro, North Carolina",29036,103379,,,
,,468,Valero Energy,VLO,reports,Energy,Oil & Gas Refining & Marketing,"San Antonio, Texas",,1035002,1980,,
,,469,Varian Medical Systems,VAR,reports,Health Care,Health Care Equipment,"Palo Alto, California",39125,203527,,,
,,470,Ventas Inc,VTR,reports,Real Estate,Health Care REITs,"Chicago, Illinois",39876,740260,,,
,,471,Verisign Inc.,VRSN,reports,Information Technology,Internet Services & Infrastructure,"Dulles, Virginia",38749,1014473,,,
,,472,Verisk Analytics,VRSK,reports,Industrials,Research & Consulting Services,"Jersey City, New Jersey",42285,1442145,,,
,,473,Verizon Communications,VZ,reports,Communication Services,Integrated Telecommunication Services,"New York, New York",30650,732712,,,
,,474,Vertex Pharmaceuticals Inc,VRTX,reports,Health Care,Biotechnology,"Cambridge, Massachusetts",41540,875320,,,
,,475,Viacom Inc.,VIAB,reports,Communication Services,Movies & Entertainment,"New York, New York",,1339947,,,
,,476,Visa Inc.,V,reports,Information Technology,IT Services,"San Francisco, California",40168,1403161,,,
,,477,Vornado Realty Trust,VNO,reports,Real Estate,Office REITs,"New York, New York",,899689,,,
,,478,Vulcan Materials,VMC,reports,Materials,Construction Materials,"Birmingham, Alabama",36341,1396009,,,
,WAB,479,The Goodyear Tire & Rubber Company,GT,reports,,,,,42582,,,
,,480,Walmart,WMT,reports,Consumer Staples,Hypermarkets & Super Centers,"Bentonville, Arkansas",30194,104169,,,
,,481,Walgreens Boots Alliance,WBA,reports,Consumer Staples,Drug Retail,"Deerfield, Illinois",29220,1618921,,,
,,482,The Walt Disney Company,DIS,reports,Communication Services,Movies & Entertainment,"Burbank, California",27941,1001039,,,
,,483,Waste Management Inc.,WM,reports,Industrials,Environmental & Facilities Services,"Houston, Texas",,823768,1968,,
,,484,Waters Corporation,WAT,reports,Health Care,Health Care Distributors,"Milford, Massachusetts",,1000697,1958,,
,,485,Wec Energy Group Inc,WEC,reports,Utilities,Electric Utilities,"Milwaukee, Wisconsin",39752,783325,,,
,wcg,486,XL Group,XL,reports,,,,,875159,,,
,,487,Wells Fargo,WFC,reports,Financials,Diversified Banks,"San Francisco, California",27941,72971,,,
,,488,Welltower Inc.,WELL,reports,Real Estate,Health Care REITs,"Toledo, Ohio",39843,766704,,,
,,489,Western Digital,WDC,reports,Information Technology,"Technology Hardware, Storage & Peripherals","Irvine, California",39995,106040,,,
,,490,Western Union Co,WU,reports,Information Technology,Internet Software & Services,"Englewood, Colorado",,1365135,1851,,
,,491,WestRock,WRK,reports,Materials,Paper Packaging,"Richmond, Virginia",,1636023,,,
,,492,Weyerhaeuser,WY,reports,Real Estate,Specialized REITS,"Federal Way, Washington",,106535,,,
,,493,Whirlpool Corp.,WHR,reports,Consumer Discretionary,Household Appliances,"Benton Harbor, Michigan",,106640,1911,,
,,494,Williams Cos.,WMB,reports,Energy,Oil & Gas Storage & Transportation,"Tulsa, Oklahoma",27484,107263,,,
,,495,Willis Towers Watson,WLTW,reports,Financials,Insurance Brokers,"London, United Kingdom",42374,1140536,,,
,,496,Wynn Resorts Ltd,WYNN,reports,Consumer Discretionary,Casinos & Gaming,"Paradise, Nevada",39766,1174922,,,
,,497,Xcel Energy Inc,XEL,reports,Utilities,Multi-Utilities,"Minneapolis, Minnesota",,72903,1909,,
,,498,Xerox,XRX,reports,Information Technology,"Technology Hardware, Storage & Peripherals","Norwalk, Connecticut",,108772,1906,,
,,499,Xilinx,XLNX,reports,Information Technology,Semiconductors,"San Jose, California",36472,743988,,,
,,500,Xylem Inc.,XYL,reports,Industrials,Industrial Machinery,"White Plains, New York",40848,1524472,,,
,,501,Yum! Brands Inc,YUM,reports,Consumer Discretionary,Restaurants,"Louisville, Kentucky",35709,1041061,,,
,,502,Zimmer Biomet Holdings,ZBH,reports,Health Care,Health Care Equipment,"Warsaw, Indiana",37110,1136869,,,
,,503,Zions Bancorp,ZION,reports,Financials,Regional Banks,"Salt Lake City, Utah",37064,109380,,,
,,504,Zoetis,ZTS,reports,Health Care,Pharmaceuticals,"Florham Park, New Jersey",41446,1555280,,,
